-- ROLES
INSERT INTO role (id, name) VALUES (1, 'uesr');
INSERT INTO role (id, name) VALUES (2, 'admin2');
INSERT INTO role (id, name) VALUES (3, 'superuser2');

---------------------------------------------------------------------------
-- CATEGORIES
---------------------------------------------------------------------------
INSERT INTO category (id, name) VALUES (1, 'Electronics');
INSERT INTO category (id, name) VALUES (2, 'Books');
INSERT INTO category (id, name) VALUES (3, 'Clothing');
INSERT INTO category (id, name) VALUES (4, 'Toys');
INSERT INTO category (id, name) VALUES (5, 'Home & Kitchen');
INSERT INTO category (id, name) VALUES (6, 'Sports');

---------------------------------------------------------------------------
-- PRODUCTS
---------------------------------------------------------------------------
INSERT INTO product (id, name, description, price, category_id)
VALUES (1, 'Smartphone', 'Flagship phone with advanced camera', 999.99, 1);

INSERT INTO product (id, name, description, price, category_id)
VALUES (2, 'Gaming Laptop', 'Powerful laptop for gaming and productivity', 1999.99, 1);

INSERT INTO product (id, name, description, price, category_id)
VALUES (3, 'Wireless Earbuds', 'Noise-canceling Bluetooth earbuds', 129.99, 1);

INSERT INTO product (id, name, description, price, category_id)
VALUES (4, 'Fiction Book', 'Bestselling science-fiction novel', 19.99, 2);

INSERT INTO product (id, name, description, price, category_id)
VALUES (5, 'Cookbook', 'Healthy and delicious recipes', 29.99, 2);

INSERT INTO product (id, name, description, price, category_id)
VALUES (6, 'Designer T-Shirt', '100% cotton t-shirt with custom design', 24.99, 3);

INSERT INTO product (id, name, description, price, category_id)
VALUES (7, 'Winter Jacket', 'Waterproof and insulated jacket', 89.99, 3);

INSERT INTO product (id, name, description, price, category_id)
VALUES (8, 'Building Blocks', 'Creative toy for kids aged 6+', 39.99, 4);

INSERT INTO product (id, name, description, price, category_id)
VALUES (9, 'Board Game', 'Strategy board game for 2-4 players', 49.99, 4);

INSERT INTO product (id, name, description, price, category_id)
VALUES (10, 'Non-stick Pan Set', 'Durable, PFOA-free kitchen essentials', 59.99, 5);

INSERT INTO product (id, name, description, price, category_id)
VALUES (11, 'Yoga Mat', 'Anti-slip mat for yoga and exercises', 29.99, 6);

INSERT INTO product (id, name, description, price, category_id)
VALUES (12, 'Basketball', 'Official size and weight, indoor/outdoor', 24.99, 6);

---------------------------------------------------------------------------
-- CUSTOMERS (EXAMPLE USERS)
--
-- NOTE: Passwords shown here are BCRYPT-hashed. Replace these with valid
-- bcrypt hashes that match your PasswordEncoder logic if you want to log in
-- with them. The plain-text for the first user is "pass123"
-- (hash generated by a typical BCrypt password encoder).
---------------------------------------------------------------------------
INSERT INTO customer (id, username, email, password)
VALUES (1, 'john_doe', 'john@example.com',
        '$john_doe');

INSERT INTO customer (id, username, email, password)
VALUES (2, 'jane_admin', 'jane@example.com',
        'jane_admin');
-- plain-text "admin123"

---------------------------------------------------------------------------
-- CUSTOMER_ROLES (LINK TABLE)
-- Assign roles to our inserted customers
--   (assuming "ROLE_USER" has id=1, "ROLE_ADMIN"=2)
---------------------------------------------------------------------------
INSERT INTO customer_role (customer_id, role_id) VALUES (1, 1); -- user=1, role=1 => ROLE_USER
INSERT INTO customer_role (customer_id, role_id) VALUES (2, 1); -- user=2, role=1 => ROLE_USER
INSERT INTO customer_role (customer_id, role_id) VALUES (2, 2); -- user=2, role=2 => ROLE_ADMIN

---------------------------------------------------------------------------
-- (OPTIONAL) EXAMPLE ORDERS / ORDER ITEMS
--
-- This part assumes:
--   - an order references an existing customer by `customer_id`.
--   - an order item references an existing order and product by their IDs.
---------------------------------------------------------------------------
INSERT INTO orders (id, customer_id, order_date, total_price)
VALUES (1, 1, '2024-01-15 10:30:00', 119.98);

INSERT INTO order_item (id, order_id, product_id, quantity, price)
VALUES (1, 1, 3, 2, 59.99);
-- For example, product_id=3 (Wireless Earbuds) at $59.99 each, quantity=2

INSERT INTO orders (id, customer_id, order_date, total_price)
VALUES (2, 2, '2024-01-16 15:45:00', 49.99);

INSERT INTO order_item (id, order_id, product_id, quantity, price)
VALUES (2, 2, 9, 1, 49.99);
-- product_id=9 (Board Game) at $49.99 each
